"filename", "language", "C++", "comment", "blank", "total"
"d:\Warehouse\Project\H-Homework\Project10-BlueAlert\Engine\Core\Component\Collider.h", "C++", 36, 0, 8, 44
"d:\Warehouse\Project\H-Homework\Project10-BlueAlert\Engine\Core\Component\ColliderType.h", "C++", 9, 0, 2, 11
"d:\Warehouse\Project\H-Homework\Project10-BlueAlert\Engine\Core\Component\Component.h", "C++", 16, 1, 6, 23
"d:\Warehouse\Project\H-Homework\Project10-BlueAlert\Engine\Core\Component\Debug.cpp", "C++", 2, 0, 0, 2
"d:\Warehouse\Project\H-Homework\Project10-BlueAlert\Engine\Core\Component\Debug.h", "C++", 60, 2, 13, 75
"d:\Warehouse\Project\H-Homework\Project10-BlueAlert\Engine\Core\Component\InputHandler.cpp", "C++", 53, 4, 13, 70
"d:\Warehouse\Project\H-Homework\Project10-BlueAlert\Engine\Core\Component\InputHandler.h", "C++", 42, 4, 13, 59
"d:\Warehouse\Project\H-Homework\Project10-BlueAlert\Engine\Core\Component\PlayerController.h", "C++", 62, 5, 7, 74
"d:\Warehouse\Project\H-Homework\Project10-BlueAlert\Engine\Core\Component\RendererComponent.h", "C++", 42, 0, 9, 51
"d:\Warehouse\Project\H-Homework\Project10-BlueAlert\Engine\Core\Component\Rigidbody.h", "C++", 30, 2, 10, 42
"d:\Warehouse\Project\H-Homework\Project10-BlueAlert\Engine\Core\Component\Script.h", "C++", 14, 7, 9, 30
"d:\Warehouse\Project\H-Homework\Project10-BlueAlert\Engine\Core\GameObject\GameObject.h", "C++", 54, 0, 13, 67
"d:\Warehouse\Project\H-Homework\Project10-BlueAlert\Engine\Core\Scene\Scene.h", "C++", 92, 4, 18, 114
"d:\Warehouse\Project\H-Homework\Project10-BlueAlert\Engine\Math\Circle.cpp", "C++", 23, 3, 7, 33
"d:\Warehouse\Project\H-Homework\Project10-BlueAlert\Engine\Math\Circle.h", "C++", 22, 0, 7, 29
"d:\Warehouse\Project\H-Homework\Project10-BlueAlert\Engine\Math\Matrix.h", "C++", 59, 7, 10, 76
"d:\Warehouse\Project\H-Homework\Project10-BlueAlert\Engine\Math\Rectangle.cpp", "C++", 27, 3, 7, 37
"d:\Warehouse\Project\H-Homework\Project10-BlueAlert\Engine\Math\Rectangle.h", "C++", 29, 0, 11, 40
"d:\Warehouse\Project\H-Homework\Project10-BlueAlert\Engine\Math\Shape.h", "C++", 14, 0, 5, 19
"d:\Warehouse\Project\H-Homework\Project10-BlueAlert\Engine\Math\Transform.h", "C++", 54, 0, 14, 68
"d:\Warehouse\Project\H-Homework\Project10-BlueAlert\Engine\Math\Vector2.h", "C++", 84, 1, 20, 105
"d:\Warehouse\Project\H-Homework\Project10-BlueAlert\Engine\Render\NcursesRenderer.h", "C++", 47, 1, 13, 61
"d:\Warehouse\Project\H-Homework\Project10-BlueAlert\Engine\Render\Renderer.h", "C++", 17, 0, 6, 23
"d:\Warehouse\Project\H-Homework\Project10-BlueAlert\Engine\Render\TerminalMapper.h", "C++", 11, 0, 3, 14
"d:\Warehouse\Project\H-Homework\Project10-BlueAlert\Engine\Utils\CharWidth.h", "C++", 19, 2, 4, 25
"d:\Warehouse\Project\H-Homework\Project10-BlueAlert\main.cpp", "C++", 72, 0, 16, 88
"Total", "-", 990, 46, 244, 1280